cat_id,rmse,n_series
FOODS,1.4854108663295562,100
HOBBIES,0.8938509244813073,100
HOUSEHOLD,0.939910242757384,100
TOTAL,1.1063906778560826,300
