{
  "paper_table3": {
    "ARIMA": {
      "HOUSEHOLD": 0.83701,
      "HOBBIES": 0.96462,
      "FOODS": 1.4941,
      "TOTAL": 1.098577
    },
    "Facebook Prophet": {
      "HOUSEHOLD": 11.2851,
      "HOBBIES": 5.8918,
      "FOODS": 3.7229,
      "TOTAL": 6.9666
    },
    "LightGBM": {
      "HOUSEHOLD": 0.867,
      "HOBBIES": 0.972,
      "FOODS": 1.726,
      "TOTAL": 1.188333
    }
  },
  "ours": {
    "ARIMA": {
      "FOODS": 1.4854108663295562,
      "HOBBIES": 0.8938509244813073,
      "HOUSEHOLD": 0.939910242757384,
      "TOTAL": 1.1063906778560826
    },
    "Facebook Prophet": {
      "FOODS": 9.302794913753551,
      "HOBBIES": 5.304406311210548,
      "HOUSEHOLD": 5.543477870772615,
      "TOTAL": 6.716893031912239
    },
    "LightGBM": {
      "FOODS": 1.6816810400819273,
      "HOBBIES": 0.997330285532369,
      "HOUSEHOLD": 1.1014062969465392,
      "TOTAL": 1.2601392075202786
    }
  }
}