method,cat_id,rmse
ARIMA,FOODS,1.4854108663295562
ARIMA,HOBBIES,0.8938509244813073
ARIMA,HOUSEHOLD,0.939910242757384
ARIMA,TOTAL,1.1063906778560826
Facebook Prophet,FOODS,9.302794913753551
Facebook Prophet,HOBBIES,5.304406311210548
Facebook Prophet,HOUSEHOLD,5.543477870772615
Facebook Prophet,TOTAL,6.716893031912239
LightGBM,FOODS,1.6816810400819273
LightGBM,HOBBIES,0.997330285532369
LightGBM,HOUSEHOLD,1.1014062969465392
LightGBM,TOTAL,1.2601392075202786
