cat_id,ARIMA,Facebook Prophet,LightGBM
FOODS,1.4854108663295562,9.302794913753551,1.6816810400819273
HOBBIES,0.8938509244813073,5.304406311210548,0.997330285532369
HOUSEHOLD,0.939910242757384,5.543477870772615,1.1014062969465392
TOTAL,1.1063906778560826,6.716893031912239,1.2601392075202786
