cat_id,rmse,n_series
FOODS,1.6816810400819273,100
HOBBIES,0.997330285532369,100
HOUSEHOLD,1.1014062969465392,100
TOTAL,1.2601392075202786,300
