cat_id,ARIMA,Facebook Prophet,LightGBM
FOODS,1.4941,3.7229,1.726
HOBBIES,0.96462,5.8918,0.972
HOUSEHOLD,0.83701,11.2851,0.867
TOTAL,1.098577,6.9666,1.188333
