cat_id,rmse,n_series
FOODS,9.302794913753551,100
HOBBIES,5.304406311210548,100
HOUSEHOLD,5.543477870772615,100
TOTAL,6.716893031912239,300
