cat_id,rmse,n_series
FOODS,2.2862131231493654,100
HOBBIES,0.9843406770523008,100
HOUSEHOLD,1.046825885452257,100
TOTAL,1.439126561884641,300
