cat_id,rmse,n_series
FOODS,2.4146023965156203,100
HOBBIES,0.9424896596836018,100
HOUSEHOLD,1.015304858945711,100
TOTAL,1.4574656383816444,300
