cat_id,rmse,n_series
FOODS,0.908608096037612,5
HOBBIES,0.6550367390971994,5
HOUSEHOLD,1.6818461297978924,5
TOTAL,1.0818303216442346,15
