method,cat_id,rmse
ARIMA,FOODS,0.908608096037612
ARIMA,HOBBIES,0.6550367390971994
ARIMA,HOUSEHOLD,1.6818461297978924
ARIMA,TOTAL,1.0818303216442346
Facebook Prophet,FOODS,5.326901275927391
Facebook Prophet,HOBBIES,3.5045166682063793
Facebook Prophet,HOUSEHOLD,8.10267803257658
Facebook Prophet,TOTAL,5.644698658903451
