cat_id,ARIMA,Facebook Prophet
FOODS,0.908608096037612,5.326901275927391
HOBBIES,0.6550367390971994,3.5045166682063793
HOUSEHOLD,1.6818461297978924,8.10267803257658
TOTAL,1.0818303216442346,5.644698658903451
