cat_id,rmse,n_series
FOODS,5.326901275927391,5
HOBBIES,3.5045166682063793,5
HOUSEHOLD,8.10267803257658,5
TOTAL,5.644698658903451,15
